attack_type,FPR,F1,recall
mitm_arp_spoofing,0.0,0.5,0.3333333333333333
botnet_backdoor,0.07142857142857142,0.5217391304347825,0.375
brute_force,0.0,0.4,0.25
